Common Name,Scientific Name,Date,Time,UTM Easting,UTM Northing,Location Name,Number Recorded,Sex,Observer's name,Comments,Habitat Type
Nom commun,Nom scientifique,Date,Heure,UTM vers l’est,UTM vers le nord,Nom de l’emplacement,Numbre consigné,Sexe,Nom de l’observateur,Commentaires,Type d’habitat
American Crow,Corvus brachyrhynchos,28/05/2005,8:00,589433,4966993,Huron Trail Stn A,1,Unknown,Andrew Promaine,,Hardwood Forest
Black-throated Green Warbler,Dendroica virens,28/05/2005,8:26,589260,4967462,Huron Trail Stn C,1,Unknown,Andrew Promaine,,Hardwood Forest
Black-throated Green Warbler,Dendroica virens,28/05/2005,8:36,589211,4967707,Huron Trail Stn D,1,Unknown,Andrew Promaine,,Hardwood Forest
Black-throated Green Warbler,Dendroica virens,28/05/2005,8:50,589213,4967957,Huron Trail Stn E,2,Unknown,Andrew Promaine,,Hardwood Forest
Chestnut-sided Warbler,Dendroica pensylvanica,28/05/2005,8:14,589340,4967225,Huron Trail Stn B,1,Unknown,Andrew Promaine,,Hardwood Forest
Chestnut-sided Warbler,Dendroica pensylvanica,28/05/2005,8:36,589211,4967707,Huron Trail Stn D,1,Unknown,Andrew Promaine,,Hardwood Forest
Eastern Phoebe,Sayornis phoebe,28/05/2005,8:14,589340,4967225,Huron Trail Stn B,1,Male,Andrew Promaine,,Hardwood Forest
Eastern Wood-Pewee,Contopus virens,28/05/2005,8:00,589433,4966993,Huron Trail Stn A,2,Male,Andrew Promaine,,Hardwood Forest
Eastern Wood-Pewee,Contopus virens,28/05/2005,8:14,589340,4967225,Huron Trail Stn B,2,Unknown,Andrew Promaine,,Hardwood Forest
Eastern Wood-Pewee,Contopus virens,28/05/2005,8:26,589260,4967462,Huron Trail Stn C,2,Unknown,Andrew Promaine,,Hardwood Forest
Eastern Wood-Pewee,Contopus virens,28/05/2005,8:36,589211,4967707,Huron Trail Stn D,2,Unknown,Andrew Promaine,,Hardwood Forest
Eastern Wood-Pewee,Contopus virens,28/05/2005,8:50,589213,4967957,Huron Trail Stn E,1,Male,Andrew Promaine,,Hardwood Forest
Hairy Woodpecker,Picoides villosus,28/05/2005,8:00,589433,4966993,Huron Trail Stn A,1,Male,Andrew Promaine,,Hardwood Forest
Ovenbird,Seiurus aurocapillus,28/05/2005,8:26,589260,4967462,Huron Trail Stn C,1,Unknown,Andrew Promaine,,Hardwood Forest
Ovenbird,Seiurus aurocapillus,28/05/2005,8:50,589213,4967957,Huron Trail Stn E,1,Unknown,Andrew Promaine,,Hardwood Forest
Pileated Woodpecker,Dryocopus pileatus,28/05/2005,8:50,589213,4967957,Huron Trail Stn E,1,Male,Andrew Promaine,,Hardwood Forest
Red-eyed Vireo,Vireo olivaceus,28/05/2005,8:00,589433,4966993,Huron Trail Stn A,2,Male,Andrew Promaine,,Hardwood Forest
Red-eyed Vireo,Vireo olivaceus,28/05/2005,8:14,589340,4967225,Huron Trail Stn B,2,Unknown,Andrew Promaine,,Hardwood Forest
Red-eyed Vireo,Vireo olivaceus,28/05/2005,8:26,589260,4967462,Huron Trail Stn C,1,Unknown,Andrew Promaine,,Hardwood Forest
Red-eyed Vireo,Vireo olivaceus,28/05/2005,8:36,589211,4967707,Huron Trail Stn D,1,Male,Andrew Promaine,,Hardwood Forest
Red-eyed Vireo,Vireo olivaceus,28/05/2005,8:50,589213,4967957,Huron Trail Stn E,3,Unknown,Andrew Promaine,,Hardwood Forest
Song Sparrow,Melospiza melodia,28/05/2005,8:00,589433,4966993,Huron Trail Stn A,1,Male,Andrew Promaine,,Hardwood Forest
White-throated Sparrow,Zonotrichia albicollis,28/05/2005,8:26,589260,4967462,Huron Trail Stn C,1,Unknown,Andrew Promaine,,Hardwood Forest
Yellow Warbler,Dendroica petechia,28/05/2005,8:26,589260,4967462,Huron Trail Stn C,1,Unknown,Andrew Promaine,,Hardwood Forest
American Robin,Turdus migratorius,05/07/2005,8:07,589340,4967225,Huron Trail Stn B,1,Male,Andrew Promaine,,Hardwood Forest
Eastern Wood-Pewee,Contopus virens,05/07/2005,7:55,589433,4966993,Huron Trail Stn A,1,Unknown,Andrew Promaine,,Hardwood Forest
Eastern Wood-Pewee,Contopus virens,05/07/2005,8:19,589260,4967462,Huron Trail Stn C,2,Male,Andrew Promaine,,Hardwood Forest
Hairy Woodpecker,Picoides villosus,05/07/2005,7:55,589433,4966993,Huron Trail Stn A,1,Unknown,Andrew Promaine,,Hardwood Forest
Hairy Woodpecker,Picoides villosus,05/07/2005,8:19,589260,4967462,Huron Trail Stn C,1,Male,Andrew Promaine,,Hardwood Forest
Ovenbird,Seiurus aurocapillus,05/07/2005,7:55,589433,4966993,Huron Trail Stn A,2,Male,Andrew Promaine,,Hardwood Forest
Ovenbird,Seiurus aurocapillus,05/07/2005,8:07,589340,4967225,Huron Trail Stn B,2,Male,Andrew Promaine,,Hardwood Forest
Ovenbird,Seiurus aurocapillus,05/07/2005,8:31,589211,4967707,Huron Trail Stn D,1,Male,Andrew Promaine,,Hardwood Forest
Philadelphia Vireo,Vireo philadelphicus,05/07/2005,8:07,589340,4967225,Huron Trail Stn B,2,Male,Andrew Promaine,,Hardwood Forest
Philadelphia Vireo,Vireo philadelphicus,05/07/2005,8:31,589211,4967707,Huron Trail Stn D,1,Male,Andrew Promaine,,Hardwood Forest
Red-eyed Vireo,Vireo olivaceus,05/07/2005,8:19,589260,4967462,Huron Trail Stn C,5,Male,Andrew Promaine,,Hardwood Forest
Red-eyed Vireo,Vireo olivaceus,05/07/2005,8:31,589211,4967707,Huron Trail Stn D,5,Male,Andrew Promaine,,Hardwood Forest
Red-eyed Vireo,Vireo olivaceus,05/07/2005,8:43,589213,4967957,Huron Trail Stn E,4,Male,Andrew Promaine,,Hardwood Forest
Song Sparrow,Melospiza melodia,05/07/2005,8:19,589260,4967462,Huron Trail Stn C,1,Male,Andrew Promaine,,Hardwood Forest
Yellow-rumped Warbler,Dendroica coronata,05/07/2005,7:55,589433,4966993,Huron Trail Stn A,1,Male,Andrew Promaine,,Hardwood Forest
American Crow,Corvus brachyrhynchos,01/05/2006,7:32,589340,4967225,Huron Trail Stn B,2,Unknown,Andrew Promaine,,Hardwood Forest
American Robin,Turdus migratorius,01/05/2006,7:20,589433,4966993,Huron Trail Stn A,2,Male,Andrew Promaine,,Hardwood Forest
American Robin,Turdus migratorius,01/05/2006,7:32,589340,4967225,Huron Trail Stn B,2,Unknown,Andrew Promaine,,Hardwood Forest
American Robin,Turdus migratorius,01/05/2006,7:43,589260,4967462,Huron Trail Stn C,2,Male,Andrew Promaine,,Hardwood Forest
American Robin,Turdus migratorius,01/05/2006,7:54,589211,4967707,Huron Trail Stn D,1,Unknown,Andrew Promaine,,Hardwood Forest
American Robin,Turdus migratorius,01/05/2006,8:07,589213,4967957,Huron Trail Stn E,1,Unknown,Andrew Promaine,,Hardwood Forest
Black-throated Green Warbler,Dendroica virens,01/05/2006,7:43,589260,4967462,Huron Trail Stn C,1,Unknown,Andrew Promaine,,Hardwood Forest
Black-throated Green Warbler,Dendroica virens,01/05/2006,8:07,589213,4967957,Huron Trail Stn E,1,Unknown,Andrew Promaine,,Hardwood Forest
Blue Jay,Cyanocitta cristata,01/05/2006,7:54,589211,4967707,Huron Trail Stn D,1,Unknown,Andrew Promaine,,Hardwood Forest
Chestnut-sided Warbler,Dendroica pensylvanica,01/05/2006,7:20,589433,4966993,Huron Trail Stn A,1,Male,Andrew Promaine,,Hardwood Forest
Chestnut-sided Warbler,Dendroica pensylvanica,01/05/2006,7:54,589211,4967707,Huron Trail Stn D,1,Unknown,Andrew Promaine,,Hardwood Forest
Chestnut-sided Warbler,Dendroica pensylvanica,01/05/2006,8:07,589213,4967957,Huron Trail Stn E,1,Unknown,Andrew Promaine,,Hardwood Forest
Downy Woodpecker,Picoides pubescens,01/05/2006,7:43,589260,4967462,Huron Trail Stn C,1,Unknown,Andrew Promaine,,Hardwood Forest
Downy Woodpecker,Picoides pubescens,01/05/2006,7:54,589211,4967707,Huron Trail Stn D,1,Unknown,Andrew Promaine,,Hardwood Forest
Eastern Wood-Pewee,Contopus virens,01/05/2006,7:32,589340,4967225,Huron Trail Stn B,1,Unknown,Andrew Promaine,,Hardwood Forest
Eastern Wood-Pewee,Contopus virens,01/05/2006,7:43,589260,4967462,Huron Trail Stn C,1,Male,Andrew Promaine,,Hardwood Forest
Eastern Wood-Pewee,Contopus virens,01/05/2006,7:54,589211,4967707,Huron Trail Stn D,2,Unknown,Andrew Promaine,,Hardwood Forest
Eastern Wood-Pewee,Contopus virens,01/05/2006,8:07,589213,4967957,Huron Trail Stn E,1,Unknown,Andrew Promaine,,Hardwood Forest
Hairy Woodpecker,Picoides villosus,01/05/2006,7:20,589433,4966993,Huron Trail Stn A,1,Male,Andrew Promaine,,Hardwood Forest
Hairy Woodpecker,Picoides villosus,01/05/2006,8:07,589213,4967957,Huron Trail Stn E,2,Unknown,Andrew Promaine,,Hardwood Forest
Ovenbird,Seiurus aurocapillus,01/05/2006,7:20,589433,4966993,Huron Trail Stn A,4,Male,Andrew Promaine,,Hardwood Forest
Ovenbird,Seiurus aurocapillus,01/05/2006,7:32,589340,4967225,Huron Trail Stn B,4,Unknown,Andrew Promaine,,Hardwood Forest
Ovenbird,Seiurus aurocapillus,01/05/2006,7:43,589260,4967462,Huron Trail Stn C,4,Unknown,Andrew Promaine,,Hardwood Forest
Pileated Woodpecker,Dryocopus pileatus,01/05/2006,7:32,589340,4967225,Huron Trail Stn B,1,Unknown,Andrew Promaine,,Hardwood Forest
Pileated Woodpecker,Dryocopus pileatus,01/05/2006,8:07,589213,4967957,Huron Trail Stn E,2,Unknown,Andrew Promaine,,Hardwood Forest
Red-eyed Vireo,Vireo olivaceus,01/05/2006,7:20,589433,4966993,Huron Trail Stn A,3,Male,Andrew Promaine,,Hardwood Forest
Red-eyed Vireo,Vireo olivaceus,01/05/2006,7:32,589340,4967225,Huron Trail Stn B,3,Male,Andrew Promaine,,Hardwood Forest
Red-eyed Vireo,Vireo olivaceus,01/05/2006,7:43,589260,4967462,Huron Trail Stn C,1,Male,Andrew Promaine,,Hardwood Forest
Red-eyed Vireo,Vireo olivaceus,01/05/2006,7:54,589211,4967707,Huron Trail Stn D,3,Male,Andrew Promaine,,Hardwood Forest
Red-eyed Vireo,Vireo olivaceus,01/05/2006,8:07,589213,4967957,Huron Trail Stn E,3,Male,Andrew Promaine,,Hardwood Forest
Ring-billed Gull,Larus delawarensis,01/05/2006,7:32,589340,4967225,Huron Trail Stn B,1,Male,Andrew Promaine,,Hardwood Forest
Song Sparrow,Melospiza melodia,01/05/2006,7:43,589260,4967462,Huron Trail Stn C,1,Unknown,Andrew Promaine,,Hardwood Forest
Veery,Catharus fuscescens,01/05/2006,7:54,589211,4967707,Huron Trail Stn D,1,Unknown,Andrew Promaine,,Hardwood Forest
Yellow-bellied Sapsucker,Sphyrapicus varius,01/05/2006,7:32,589340,4967225,Huron Trail Stn B,1,Unknown,Andrew Promaine,,Hardwood Forest
Yellow-bellied Sapsucker,Sphyrapicus varius,01/05/2006,8:07,589213,4967957,Huron Trail Stn E,1,Unknown,Andrew Promaine,,Hardwood Forest
American Crow,Corvus brachyrhynchos,11/07/2006,6:59,589340,4967225,Huron Trail Stn B,1,Unknown,Andrew Promaine,,Hardwood Forest
American Robin,Turdus migratorius,11/07/2006,6:47,589433,4966993,Huron Trail Stn A,3,Unknown,Andrew Promaine,,Hardwood Forest
Black-throated Green Warbler,Dendroica virens,11/07/2006,6:59,589340,4967225,Huron Trail Stn B,2,Unknown,Andrew Promaine,,Hardwood Forest
Downy Woodpecker,Picoides pubescens,11/07/2006,7:26,589211,4967707,Huron Trail Stn D,1,Unknown,Andrew Promaine,,Hardwood Forest
Downy Woodpecker,Picoides pubescens,11/07/2006,7:30,589213,4967957,Huron Trail Stn E,1,Unknown,Andrew Promaine,,Hardwood Forest
Eastern Wood-Pewee,Contopus virens,11/07/2006,6:47,589433,4966993,Huron Trail Stn A,1,Unknown,Andrew Promaine,,Hardwood Forest
Eastern Wood-Pewee,Contopus virens,11/07/2006,6:59,589340,4967225,Huron Trail Stn B,1,Unknown,Andrew Promaine,,Hardwood Forest
Eastern Wood-Pewee,Contopus virens,11/07/2006,7:13,589260,4967462,Huron Trail Stn C,1,Unknown,Andrew Promaine,,Hardwood Forest
Hairy Woodpecker,Picoides villosus,11/07/2006,6:47,589433,4966993,Huron Trail Stn A,1,Unknown,Andrew Promaine,,Hardwood Forest
Hermit Thrush,Catharus guttatus,11/07/2006,7:26,589211,4967707,Huron Trail Stn D,2,Unknown,Andrew Promaine,,Hardwood Forest
Ovenbird,Seiurus aurocapillus,11/07/2006,6:59,589340,4967225,Huron Trail Stn B,1,Unknown,Andrew Promaine,,Hardwood Forest
Ovenbird,Seiurus aurocapillus,11/07/2006,7:13,589260,4967462,Huron Trail Stn C,1,Unknown,Andrew Promaine,,Hardwood Forest
Ovenbird,Seiurus aurocapillus,11/07/2006,7:30,589213,4967957,Huron Trail Stn E,2,Unknown,Andrew Promaine,,Hardwood Forest
Red-breasted Nuthatch,Sitta canadensis,11/07/2006,7:13,589260,4967462,Huron Trail Stn C,1,Unknown,Andrew Promaine,,Hardwood Forest
Red-eyed Vireo,Vireo olivaceus,11/07/2006,6:59,589340,4967225,Huron Trail Stn B,2,Unknown,Andrew Promaine,,Hardwood Forest
Red-eyed Vireo,Vireo olivaceus,11/07/2006,7:13,589260,4967462,Huron Trail Stn C,4,Unknown,Andrew Promaine,,Hardwood Forest
Red-eyed Vireo,Vireo olivaceus,11/07/2006,7:26,589211,4967707,Huron Trail Stn D,2,Unknown,Andrew Promaine,,Hardwood Forest
Red-eyed Vireo,Vireo olivaceus,11/07/2006,7:30,589213,4967957,Huron Trail Stn E,1,Unknown,Andrew Promaine,,Hardwood Forest
Scarlet Tanager,Piranga olivacea,11/07/2006,7:26,589211,4967707,Huron Trail Stn D,1,Unknown,Andrew Promaine,,Hardwood Forest
Song Sparrow,Melospiza melodia,11/07/2006,6:47,589433,4966993,Huron Trail Stn A,1,Male,Andrew Promaine,,Hardwood Forest
Swainson's Thrush,Catharus ustulatus,11/07/2006,7:13,589260,4967462,Huron Trail Stn C,1,Unknown,Andrew Promaine,,Hardwood Forest
Swainson's Thrush,Catharus ustulatus,11/07/2006,7:30,589213,4967957,Huron Trail Stn E,1,Unknown,Andrew Promaine,,Hardwood Forest
Yellow Warbler,Dendroica petechia,11/07/2006,6:47,589433,4966993,Huron Trail Stn A,1,Unknown,Andrew Promaine,,Hardwood Forest
American Crow,Corvus brachyrhynchos,15/06/2007,7:35,589260,4967462,Huron Trail Stn C,1,Unknown,Andrew Promaine,,Hardwood Forest
American Redstart,Setophaga ruticilla,15/06/2007,7:50,589211,4967707,Huron Trail Stn D,2,Male,Andrew Promaine,,Hardwood Forest
American Redstart,Setophaga ruticilla,15/06/2007,8:02,589213,4967957,Huron Trail Stn E,1,Unknown,Andrew Promaine,,Hardwood Forest
American Robin,Turdus migratorius,15/06/2007,7:35,589260,4967462,Huron Trail Stn C,2,Unknown,Andrew Promaine,,Hardwood Forest
Black-throated Blue Warbler,Dendroica caerulescens,15/06/2007,8:02,589213,4967957,Huron Trail Stn E,1,Unknown,Andrew Promaine,,Hardwood Forest
Black-throated Green Warbler,Dendroica virens,15/06/2007,7:10,589433,4966993,Huron Trail Stn A,1,Unknown,Andrew Promaine,,Hardwood Forest
Black-throated Green Warbler,Dendroica virens,15/06/2007,7:50,589211,4967707,Huron Trail Stn D,1,Unknown,Andrew Promaine,,Hardwood Forest
Black-throated Green Warbler,Dendroica virens,15/06/2007,8:02,589213,4967957,Huron Trail Stn E,1,Unknown,Andrew Promaine,,Hardwood Forest
Chestnut-sided Warbler,Dendroica pensylvanica,15/06/2007,7:50,589211,4967707,Huron Trail Stn D,1,Unknown,Andrew Promaine,,Hardwood Forest
Eastern Wood-Pewee,Contopus virens,15/06/2007,7:10,589433,4966993,Huron Trail Stn A,2,Unknown,Andrew Promaine,,Hardwood Forest
Eastern Wood-Pewee,Contopus virens,15/06/2007,7:50,589211,4967707,Huron Trail Stn D,1,Unknown,Andrew Promaine,,Hardwood Forest
Eastern Wood-Pewee,Contopus virens,15/06/2007,8:02,589213,4967957,Huron Trail Stn E,1,Unknown,Andrew Promaine,,Hardwood Forest
Ovenbird,Seiurus aurocapillus,15/06/2007,7:35,589260,4967462,Huron Trail Stn C,1,Unknown,Andrew Promaine,,Hardwood Forest
Ovenbird,Seiurus aurocapillus,15/06/2007,7:50,589211,4967707,Huron Trail Stn D,3,Unknown,Andrew Promaine,,Hardwood Forest
Ovenbird,Seiurus aurocapillus,15/06/2007,8:02,589213,4967957,Huron Trail Stn E,1,Unknown,Andrew Promaine,,Hardwood Forest
Philadelphia Vireo,Vireo philadelphicus,15/06/2007,7:35,589260,4967462,Huron Trail Stn C,1,Unknown,Andrew Promaine,,Hardwood Forest
Pileated Woodpecker,Dryocopus pileatus,15/06/2007,7:10,589433,4966993,Huron Trail Stn A,1,Unknown,Andrew Promaine,,Hardwood Forest
Pileated Woodpecker,Dryocopus pileatus,15/06/2007,7:22,589340,4967225,Huron Trail Stn B,1,Unknown,Andrew Promaine,,Hardwood Forest
Red-breasted Nuthatch,Sitta canadensis,15/06/2007,7:10,589433,4966993,Huron Trail Stn A,1,Unknown,Andrew Promaine,,Hardwood Forest
Red-eyed Vireo,Vireo olivaceus,15/06/2007,7:10,589433,4966993,Huron Trail Stn A,1,Unknown,Andrew Promaine,,Hardwood Forest
Red-eyed Vireo,Vireo olivaceus,15/06/2007,7:22,589340,4967225,Huron Trail Stn B,2,Unknown,Andrew Promaine,,Hardwood Forest
Red-eyed Vireo,Vireo olivaceus,15/06/2007,7:35,589260,4967462,Huron Trail Stn C,1,Unknown,Andrew Promaine,,Hardwood Forest
Red-eyed Vireo,Vireo olivaceus,15/06/2007,7:50,589211,4967707,Huron Trail Stn D,1,Unknown,Andrew Promaine,,Hardwood Forest
Red-eyed Vireo,Vireo olivaceus,15/06/2007,8:02,589213,4967957,Huron Trail Stn E,2,Unknown,Andrew Promaine,,Hardwood Forest
Wood Thrush,Hylocichla mustelina,15/06/2007,7:10,589433,4966993,Huron Trail Stn A,1,Unknown,Andrew Promaine,,Hardwood Forest
Wood Thrush,Hylocichla mustelina,15/06/2007,7:22,589340,4967225,Huron Trail Stn B,1,Unknown,Andrew Promaine,,Hardwood Forest
Yellow-rumped Warbler,Dendroica coronata,15/06/2007,8:02,589213,4967957,Huron Trail Stn E,1,Unknown,Andrew Promaine,,Hardwood Forest
American Crow,Corvus brachyrhynchos,13/07/2007,6:58,589433,4966993,Huron trail Stn A,1,Male,Andrew Promaine,,Hardwood Forest
American Redstart,Setophaga ruticilla,13/07/2007,7:46,589213,4967957,Huron Trail Stn E,1,Male,Andrew Promaine,,Hardwood Forest
American Robin,Turdus migratorius,13/07/2007,7:34,589211,4967707,Huron Trail Stn D,2,Male,Andrew Promaine,,Hardwood Forest
American Robin,Turdus migratorius,13/07/2007,7:46,589213,4967957,Huron Trail Stn E,1,Male,Andrew Promaine,,Hardwood Forest
Black-throated Green Warbler,Dendroica virens,13/07/2007,7:34,589211,4967707,Huron Trail Stn D,1,Male,Andrew Promaine,,Hardwood Forest
Eastern Phoebe,Sayornis phoebe,13/07/2007,7:22,589260,4967462,Huron Trail Stn C,1,Male,Andrew Promaine,,Hardwood Forest
Eastern Wood-Pewee,Contopus virens,13/07/2007,6:58,589433,4966993,Huron trail Stn A,2,Male,Andrew Promaine,,Hardwood Forest
Eastern Wood-Pewee,Contopus virens,13/07/2007,7:10,589340,4967225,Huron Trail Stn B,1,Male,Andrew Promaine,,Hardwood Forest
Eastern Wood-Pewee,Contopus virens,13/07/2007,7:34,589211,4967707,Huron Trail Stn D,1,Male,Andrew Promaine,,Hardwood Forest
Eastern Wood-Pewee,Contopus virens,13/07/2007,7:46,589213,4967957,Huron Trail Stn E,1,Male,Andrew Promaine,,Hardwood Forest
Ovenbird,Seiurus aurocapillus,13/07/2007,7:10,589340,4967225,Huron Trail Stn B,1,Male,Andrew Promaine,,Hardwood Forest
Ovenbird,Seiurus aurocapillus,13/07/2007,7:22,589260,4967462,Huron Trail Stn C,1,Male,Andrew Promaine,,Hardwood Forest
Philadelphia Vireo,Vireo philadelphicus,13/07/2007,7:22,589260,4967462,Huron Trail Stn C,1,Male,Andrew Promaine,,Hardwood Forest
Pileated Woodpecker,Dryocopus pileatus,13/07/2007,6:58,589433,4966993,Huron trail Stn A,1,Male,Andrew Promaine,,Hardwood Forest
Pileated Woodpecker,Dryocopus pileatus,13/07/2007,7:10,589340,4967225,Huron Trail Stn B,2,Male,Andrew Promaine,,Hardwood Forest
Red-breasted Nuthatch,Sitta canadensis,13/07/2007,7:10,589340,4967225,Huron Trail Stn B,1,Male,Andrew Promaine,,Hardwood Forest
Red-breasted Nuthatch,Sitta canadensis,13/07/2007,7:46,589213,4967957,Huron Trail Stn E,1,Male,Andrew Promaine,,Hardwood Forest
Red-eyed Vireo,Vireo olivaceus,13/07/2007,6:58,589433,4966993,Huron trail Stn A,2,Male,Andrew Promaine,,Hardwood Forest
Red-eyed Vireo,Vireo olivaceus,13/07/2007,7:10,589340,4967225,Huron Trail Stn B,2,Male,Andrew Promaine,,Hardwood Forest
Red-eyed Vireo,Vireo olivaceus,13/07/2007,7:22,589260,4967462,Huron Trail Stn C,2,Male,Andrew Promaine,,Hardwood Forest
Red-eyed Vireo,Vireo olivaceus,13/07/2007,7:34,589211,4967707,Huron Trail Stn D,2,Male,Andrew Promaine,,Hardwood Forest
Red-eyed Vireo,Vireo olivaceus,13/07/2007,7:46,589213,4967957,Huron Trail Stn E,3,Male,Andrew Promaine,,Hardwood Forest
Red-tailed Hawk,Buteo jamaicensis,13/07/2007,7:10,589340,4967225,Huron Trail Stn B,1,Male,Andrew Promaine,,Hardwood Forest
White-throated Sparrow,Zonotrichia albicollis,13/07/2007,6:58,589433,4966993,Huron trail Stn A,1,Male,Andrew Promaine,,Hardwood Forest
Wood Thrush,Hylocichla mustelina,13/07/2007,6:58,589433,4966993,Huron trail Stn A,1,Male,Andrew Promaine,,Hardwood Forest
Wood Thrush,Hylocichla mustelina,13/07/2007,7:10,589340,4967225,Huron Trail Stn B,1,Male,Andrew Promaine,,Hardwood Forest
Wood Thrush,Hylocichla mustelina,13/07/2007,7:34,589211,4967707,Huron Trail Stn D,1,Male,Andrew Promaine,,Hardwood Forest
Woodpecker spp.,Picidae,13/07/2007,7:10,589340,4967225,Huron Trail Stn B,1,Unknown,Andrew Promaine,,Hardwood Forest
Woodpecker spp.,Picidae,13/07/2007,7:22,589260,4967462,Huron Trail Stn C,2,Unknown,Andrew Promaine,,Hardwood Forest
American Redstart,Setophaga ruticilla,17/06/2008,7:38,589213,4967957,Huron Trail Stn E,1,Unknown,Andrew Promaine,,Hardwood Forest
American Robin,Turdus migratorius,17/06/2008,7:22,589211,4967707,Huron Trail Stn D,1,Unknown,Andrew Promaine,,Hardwood Forest
Cedar Waxwing,Bombycilla cedrorum,17/06/2008,7:38,589213,4967957,Huron Trail Stn E,1,Unknown,Andrew Promaine,,Hardwood Forest
Eastern Towhee,Pipilo erythrophthalmus,17/06/2008,7:22,589211,4967707,Huron Trail Stn D,1,Unknown,Andrew Promaine,,Hardwood Forest
Eastern Wood-Pewee,Contopus virens,17/06/2008,6:56,589340,4967225,Huron Trail Stn B,2,Unknown,Andrew Promaine,,Hardwood Forest
Eastern Wood-Pewee,Contopus virens,17/06/2008,7:09,589260,4967462,Huron Trail Stn C,1,Unknown,Andrew Promaine,,Hardwood Forest
Eastern Wood-Pewee,Contopus virens,17/06/2008,7:22,589211,4967707,Huron Trail Stn D,1,Unknown,Andrew Promaine,,Hardwood Forest
Hairy Woodpecker,Picoides villosus,17/06/2008,7:09,589260,4967462,Huron Trail Stn C,1,Unknown,Andrew Promaine,,Hardwood Forest
Hairy Woodpecker,Picoides villosus,17/06/2008,7:38,589213,4967957,Huron Trail Stn E,1,Unknown,Andrew Promaine,,Hardwood Forest
Ovenbird,Seiurus aurocapillus,17/06/2008,6:38,589433,4966993,Huron Trail Stn A,1,Unknown,Andrew Promaine,,Hardwood Forest
Ovenbird,Seiurus aurocapillus,17/06/2008,6:56,589340,4967225,Huron Trail Stn B,1,Unknown,Andrew Promaine,,Hardwood Forest
Ovenbird,Seiurus aurocapillus,17/06/2008,7:38,589213,4967957,Huron Trail Stn E,1,Unknown,Andrew Promaine,,Hardwood Forest
Red-eyed Vireo,Vireo olivaceus,17/06/2008,6:56,589340,4967225,Huron Trail Stn B,1,Unknown,Andrew Promaine,,Hardwood Forest
Red-eyed Vireo,Vireo olivaceus,17/06/2008,7:22,589211,4967707,Huron Trail Stn D,2,Unknown,Andrew Promaine,,Hardwood Forest
Red-eyed Vireo,Vireo olivaceus,17/06/2008,7:38,589213,4967957,Huron Trail Stn E,1,Unknown,Andrew Promaine,,Hardwood Forest
Red-tailed Hawk,Buteo jamaicensis,17/06/2008,6:56,589340,4967225,Huron Trail Stn B,1,Unknown,Andrew Promaine,,Hardwood Forest
American Redstart,Setophaga ruticilla,08/07/2008,6:58,589211,4967707,Huron Trail Stn D,1,Unknown,Andrew Promaine,,Hardwood Forest
American Robin,Turdus migratorius,08/07/2008,6:31,589340,4967225,Huron Trail Stn B,1,Unknown,Andrew Promaine,,Hardwood Forest
American Robin,Turdus migratorius,08/07/2008,6:44,589260,4967462,Huron Trail Stn C,1,Unknown,Andrew Promaine,,Hardwood Forest
American Robin,Turdus migratorius,08/07/2008,6:58,589211,4967707,Huron Trail Stn D,1,Male,Andrew Promaine,,Hardwood Forest
Black-throated Blue Warbler,Dendroica caerulescens,08/07/2008,6:58,589211,4967707,Huron Trail Stn D,1,Unknown,Andrew Promaine,,Hardwood Forest
Black-throated Green Warbler,Dendroica virens,08/07/2008,7:11,589213,4967957,Huron Trail Stn E,2,Unknown,Andrew Promaine,,Hardwood Forest
Eastern Wood-Pewee,Contopus virens,08/07/2008,6:18,589433,4966993,Huron Trail Stn A,1,Unknown,Andrew Promaine,,Hardwood Forest
Eastern Wood-Pewee,Contopus virens,08/07/2008,6:44,589260,4967462,Huron Trail Stn C,1,Unknown,Andrew Promaine,,Hardwood Forest
Eastern Wood-Pewee,Contopus virens,08/07/2008,6:58,589211,4967707,Huron Trail Stn D,1,Unknown,Andrew Promaine,,Hardwood Forest
Eastern Wood-Pewee,Contopus virens,08/07/2008,7:11,589213,4967957,Huron Trail Stn E,2,Unknown,Andrew Promaine,,Hardwood Forest
Ovenbird,Seiurus aurocapillus,08/07/2008,6:31,589340,4967225,Huron Trail Stn B,1,Unknown,Andrew Promaine,,Hardwood Forest
Ovenbird,Seiurus aurocapillus,08/07/2008,6:44,589260,4967462,Huron Trail Stn C,1,Unknown,Andrew Promaine,,Hardwood Forest
Ovenbird,Seiurus aurocapillus,08/07/2008,6:58,589211,4967707,Huron Trail Stn D,1,Unknown,Andrew Promaine,,Hardwood Forest
Ovenbird,Seiurus aurocapillus,08/07/2008,7:11,589213,4967957,Huron Trail Stn E,1,Unknown,Andrew Promaine,,Hardwood Forest
Pileated Woodpecker,Dryocopus pileatus,08/07/2008,6:44,589260,4967462,Huron Trail Stn C,1,Unknown,Andrew Promaine,,Hardwood Forest
Pileated Woodpecker,Dryocopus pileatus,08/07/2008,6:58,589211,4967707,Huron Trail Stn D,1,Unknown,Andrew Promaine,,Hardwood Forest
Red-eyed Vireo,Vireo olivaceus,08/07/2008,6:18,589433,4966993,Huron Trail Stn A,3,Unknown,Andrew Promaine,,Hardwood Forest
Red-eyed Vireo,Vireo olivaceus,08/07/2008,6:44,589260,4967462,Huron Trail Stn C,1,Unknown,Andrew Promaine,,Hardwood Forest
Red-eyed Vireo,Vireo olivaceus,08/07/2008,6:58,589211,4967707,Huron Trail Stn D,1,Unknown,Andrew Promaine,,Hardwood Forest
Red-eyed Vireo,Vireo olivaceus,08/07/2008,7:11,589213,4967957,Huron Trail Stn E,3,Unknown,Andrew Promaine,,Hardwood Forest
White-breasted Nuthatch,Sitta carolinensis,08/07/2008,6:44,589260,4967462,Huron Trail Stn C,1,Unknown,Andrew Promaine,,Hardwood Forest
White-breasted Nuthatch,Sitta carolinensis,08/07/2008,6:58,589211,4967707,Huron Trail Stn D,1,Unknown,Andrew Promaine,,Hardwood Forest
Wood Thrush,Hylocichla mustelina,08/07/2008,6:31,589340,4967225,Huron Trail Stn B,1,Unknown,Andrew Promaine,,Hardwood Forest
Wood Thrush,Hylocichla mustelina,08/07/2008,7:11,589213,4967957,Huron Trail Stn E,1,Unknown,Andrew Promaine,,Hardwood Forest
American Redstart,Setophaga ruticilla,16/06/2009,7:32,589211,4967707,Huron Trail Stn D,2,Unknown,Andrew Promaine,,Hardwood Forest
American Redstart,Setophaga ruticilla,16/06/2009,7:45,589213,4967957,Huron Trail Stn E,2,Unknown,Andrew Promaine,,Hardwood Forest
American Robin,Turdus migratorius,16/06/2009,7:19,589260,4967462,Huron Trail Stn C,1,Unknown,Andrew Promaine,,Hardwood Forest
American Robin,Turdus migratorius,16/06/2009,7:32,589211,4967707,Huron Trail Stn D,1,Unknown,Andrew Promaine,,Hardwood Forest
American Robin,Turdus migratorius,16/06/2009,7:45,589213,4967957,Huron Trail Stn E,2,Unknown,Andrew Promaine,,Hardwood Forest
Black-throated Green Warbler,Dendroica virens,16/06/2009,7:19,589260,4967462,Huron Trail Stn C,2,Unknown,Andrew Promaine,,Hardwood Forest
Eastern Wood-Pewee,Contopus virens,16/06/2009,6:54,589433,4966993,Huron Trail Stn A,1,Unknown,Andrew Promaine,,Hardwood Forest
Eastern Wood-Pewee,Contopus virens,16/06/2009,7:07,589340,4967225,Huron Trail Stn B,1,Unknown,Andrew Promaine,,Hardwood Forest
Eastern Wood-Pewee,Contopus virens,16/06/2009,7:32,589211,4967707,Huron Trail Stn D,1,Unknown,Andrew Promaine,,Hardwood Forest
Eastern Wood-Pewee,Contopus virens,16/06/2009,7:45,589213,4967957,Huron Trail Stn E,2,Unknown,Andrew Promaine,,Hardwood Forest
Ovenbird,Seiurus aurocapillus,16/06/2009,6:54,589433,4966993,Huron Trail Stn A,1,Unknown,Andrew Promaine,,Hardwood Forest
Ovenbird,seriurus aurocapillus,16/06/2009,7:07,589340,4967225,Huron Trail Stn B,1,Unknown,Andrew Promaine,,Hardwood Forest
Ovenbird,seriurus aurocapillus,16/06/2009,7:19,589260,4967462,Huron Trail Stn C,2,Unknown,Andrew Promaine,,Hardwood Forest
Ovenbird,seriurus aurocapillus,16/06/2009,7:32,589211,4967707,Huron Trail Stn D,2,Unknown,Andrew Promaine,,Hardwood Forest
Ovenbird,seriurus aurocapillus,16/06/2009,7:45,589213,4967957,Huron Trail Stn E,2,Unknown,Andrew Promaine,,Hardwood Forest
Philadelphia Vireo,Vireo philadelphicus,16/06/2009,7:45,589213,4967957,Huron Trail Stn E,1,Unknown,Andrew Promaine,,Hardwood Forest
Pileated Woodpecker,Dryocopus pileatus,16/06/2009,6:54,589433,4966993,Huron Trail Stn A,1,Unknown,Andrew Promaine,,Hardwood Forest
Red-eyed Vireo,Vireo olivaceus,16/06/2009,6:54,589433,4966993,Huron Trail Stn A,3,Unknown,Andrew Promaine,,Hardwood Forest
Red-eyed Vireo,Vireo olivaceus,16/06/2009,7:07,589340,4967225,Huron Trail Stn B,3,Unknown,Andrew Promaine,,Hardwood Forest
Red-eyed Vireo,Vireo olivaceus,16/06/2009,7:19,589260,4967462,Huron Trail Stn C,4,Unknown,Andrew Promaine,,Hardwood Forest
Red-eyed Vireo,Vireo olivaceus,16/06/2009,7:32,589211,4967707,Huron Trail Stn D,4,Unknown,Andrew Promaine,,Hardwood Forest
Red-eyed Vireo,Vireo olivaceus,16/06/2009,7:45,589213,4967957,Huron Trail Stn E,2,Unknown,Andrew Promaine,,Hardwood Forest
Veery,Catharus fuscescens,16/06/2009,6:54,589433,4966993,Huron Trail Stn A,1,Unknown,Andrew Promaine,,Hardwood Forest
Veery,Catharus fuscescens,16/06/2009,7:07,589340,4967225,Huron Trail Stn B,1,Unknown,Andrew Promaine,,Hardwood Forest
Wood Thrush,Hylocichla mustelina,16/06/2009,6:54,589433,4966993,Huron Trail Stn A,1,Unknown,Andrew Promaine,,Hardwood Forest
Wood Thrush,Hylocichla mustelina,16/06/2009,7:07,589340,4967225,Huron Trail Stn B,1,Unknown,Andrew Promaine,,Hardwood Forest
Wood Thrush,Hylocichla mustelina,16/06/2009,7:45,589213,4967957,Huron Trail Stn E,1,Unknown,Andrew Promaine,,Hardwood Forest
American Redstart,Setophaga ruticilla,09/07/2009,7:14,589340,4967225,Huron Trail Stn B,1,Unknown,Andrew Promaine,,Hardwood Forest
American Robin,Turdus migratorius,09/07/2009,6:57,589433,4966993,Huron Trail Stn A,1,Unknown,Andrew Promaine,,Hardwood Forest
American Robin,Turdus migratorius,09/07/2009,7:14,589340,4967225,Huron Trail Stn B,1,Unknown,Andrew Promaine,,Hardwood Forest
American Robin,Turdus migratorius,09/07/2009,7:42,589211,4967707,Huron Trail Stn D,2,Unknown,Andrew Promaine,,Hardwood Forest
American Robin,Turdus migratorius,09/07/2009,7:55,589213,4967957,Huron Trail Stn E,2,Unknown,Andrew Promaine,,Hardwood Forest
Black-throated Green Warbler,Dendroica virens,09/07/2009,7:14,589340,4967225,Huron Trail Stn B,1,Unknown,Andrew Promaine,,Hardwood Forest
Black-throated Green Warbler,Dendroica virens,09/07/2009,7:29,589260,4967462,Huron Trail Stn C,1,Unknown,Andrew Promaine,,Hardwood Forest
Black-throated Green Warbler,Dendroica virens,09/07/2009,7:42,589211,4967707,Huron Trail Stn D,1,Unknown,Andrew Promaine,,Hardwood Forest
Blue Jay,Cyanocitta cristata,09/07/2009,6:57,589433,4966993,Huron Trail Stn A,1,Unknown,Andrew Promaine,,Hardwood Forest
Eastern Towhee,Pipilo erythrophthalmus,09/07/2009,7:29,589260,4967462,Huron Trail Stn C,1,Unknown,Andrew Promaine,,Hardwood Forest
Eastern Wood-Pewee,Contopus virens,09/07/2009,6:57,589433,4966993,Huron Trail Stn A,1,Unknown,Andrew Promaine,,Hardwood Forest
Eastern Wood-Pewee,Contopus virens,09/07/2009,7:14,589340,4967225,Huron Trail Stn B,1,Unknown,Andrew Promaine,,Hardwood Forest
Eastern Wood-Pewee,Contopus virens,09/07/2009,7:42,589211,4967707,Huron Trail Stn D,1,Unknown,Andrew Promaine,,Hardwood Forest
Eastern Wood-Pewee,Contopus virens,09/07/2009,7:55,589213,4967957,Huron Trail Stn E,1,Unknown,Andrew Promaine,,Hardwood Forest
Hairy Woodpecker,Picoides villosus,09/07/2009,6:57,589433,4966993,Huron Trail Stn A,1,Unknown,Andrew Promaine,,Hardwood Forest
Hairy Woodpecker,Picoides villosus,09/07/2009,7:29,589260,4967462,Huron Trail Stn C,1,Unknown,Andrew Promaine,,Hardwood Forest
Ovenbird,seriurus aurocapillus,09/07/2009,6:57,589433,4966993,Huron Trail Stn A,1,Unknown,Andrew Promaine,,Hardwood Forest
Ovenbird,seriurus aurocapillus,09/07/2009,7:14,589340,4967225,Huron Trail Stn B,3,Unknown,Andrew Promaine,,Hardwood Forest
Ovenbird,seriurus aurocapillus,09/07/2009,7:29,589260,4967462,Huron Trail Stn C,1,Unknown,Andrew Promaine,,Hardwood Forest
Ovenbird,seriurus aurocapillus,09/07/2009,7:42,589211,4967707,Huron Trail Stn D,1,Unknown,Andrew Promaine,,Hardwood Forest
Philadelphia Vireo,Vireo philadelphicus,09/07/2009,7:42,589211,4967707,Huron Trail Stn D,1,Unknown,Andrew Promaine,,Hardwood Forest
Red-eyed Vireo,Vireo olivaceus,09/07/2009,6:57,589433,4966993,Huron Trail Stn A,2,Unknown,Andrew Promaine,,Hardwood Forest
Red-eyed Vireo,Vireo olivaceus,09/07/2009,7:14,589340,4967225,Huron Trail Stn B,2,Unknown,Andrew Promaine,,Hardwood Forest
Red-eyed Vireo,Vireo olivaceus,09/07/2009,7:29,589260,4967462,Huron Trail Stn C,4,Unknown,Andrew Promaine,,Hardwood Forest
Red-eyed Vireo,Vireo olivaceus,09/07/2009,7:42,589211,4967707,Huron Trail Stn D,1,Unknown,Andrew Promaine,,Hardwood Forest
Red-eyed Vireo,Vireo olivaceus,09/07/2009,7:55,589213,4967957,Huron Trail Stn E,1,Unknown,Andrew Promaine,,Hardwood Forest
Veery,Catharus fuscescens,09/07/2009,7:14,589340,4967225,Huron Trail Stn B,1,Unknown,Andrew Promaine,,Hardwood Forest
Warbling Vireo,vireo gilvus,09/07/2009,7:55,589213,4967957,Huron Trail Stn E,1,Unknown,Andrew Promaine,,Hardwood Forest
Wood Thrush,Hylocichla mustelina,09/07/2009,7:29,589260,4967462,Huron Trail Stn C,1,Unknown,Andrew Promaine,,Hardwood Forest
American Redstart,Setophaga ruticilla,17/06/2010,7:32,589211,4967707,Huron Trail Stn D,1,Unknown,Andrew Promaine,,Hardwood Forest
American Robin,Turdus migratorius,17/06/2010,6:51,589433,4966993,Huron Trail Stn A,2,Unknown,Andrew Promaine,,Hardwood Forest
American Robin,Turdus migratorius,17/06/2010,7:07,589340,4967225,Huron Trail Stn B,1,Unknown,Andrew Promaine,,Hardwood Forest
Black-throated Blue Warbler,Dendroica caerulescens,17/06/2010,7:32,589211,4967707,Huron Trail Stn D,1,Unknown,Andrew Promaine,,Hardwood Forest
Black-throated Green Warbler,Dendroica virens,17/06/2010,7:32,589211,4967707,Huron Trail Stn D,1,Unknown,Andrew Promaine,,Hardwood Forest
Eastern Wood-Pewee,Contopus virens,17/06/2010,6:51,589433,4966993,Huron Trail Stn A,1,Unknown,Andrew Promaine,,Hardwood Forest
Eastern Wood-Pewee,Contopus virens,17/06/2010,7:07,589340,4967225,Huron Trail Stn B,2,Unknown,Andrew Promaine,,Hardwood Forest
Eastern Wood-Pewee,Contopus virens,17/06/2010,7:19,589260,4967462,Huron Trail Stn C,1,Unknown,Andrew Promaine,,Hardwood Forest
Eastern Wood-Pewee,Contopus virens,17/06/2010,7:45,589213,4967957,Huron Trail Stn E,1,Unknown,Andrew Promaine,,Hardwood Forest
Hairy Woodpecker,Picoides villosus,17/06/2010,7:07,589340,4967225,Huron Trail Stn B,1,Unknown,Andrew Promaine,,Hardwood Forest
Olive-sided flycatcher,Nuttallornis borealis,17/06/2010,7:07,589340,4967225,Huron Trail Stn B,1,Unknown,Andrew Promaine,,Hardwood Forest
Ovenbird,seriurus aurocapillus,17/06/2010,6:51,589433,4966993,Huron Trail Stn A,4,Unknown,Andrew Promaine,,Hardwood Forest
Ovenbird,seriurus aurocapillus,17/06/2010,7:07,589340,4967225,Huron Trail Stn B,1,Unknown,Andrew Promaine,,Hardwood Forest
Ovenbird,seriurus aurocapillus,17/06/2010,7:19,589260,4967462,Huron Trail Stn C,1,Unknown,Andrew Promaine,,Hardwood Forest
Ovenbird,seriurus aurocapillus,17/06/2010,7:32,589211,4967707,Huron Trail Stn D,1,Unknown,Andrew Promaine,,Hardwood Forest
Ovenbird,seriurus aurocapillus,17/06/2010,7:45,589213,4967957,Huron Trail Stn E,1,Unknown,Andrew Promaine,,Hardwood Forest
Red-eyed Vireo,Vireo olivaceus,17/06/2010,6:51,589433,4966993,Huron Trail Stn A,1,Unknown,Andrew Promaine,,Hardwood Forest
Red-eyed Vireo,Vireo olivaceus,17/06/2010,7:07,589340,4967225,Huron Trail Stn B,1,Unknown,Andrew Promaine,,Hardwood Forest
Red-eyed Vireo,Vireo olivaceus,17/06/2010,7:19,589260,4967462,Huron Trail Stn C,2,Unknown,Andrew Promaine,,Hardwood Forest
Red-eyed Vireo,Vireo olivaceus,17/06/2010,7:32,589211,4967707,Huron Trail Stn D,2,Unknown,Andrew Promaine,,Hardwood Forest
Red-eyed Vireo,Vireo olivaceus,17/06/2010,7:45,589213,4967957,Huron Trail Stn E,1,Unknown,Andrew Promaine,,Hardwood Forest
Ring-billed Gull,Larus delawarensis,17/06/2010,7:19,589260,4967462,Huron Trail Stn C,1,Unknown,Andrew Promaine,,Hardwood Forest
Ruby Throated Hummingbird,Archilochus colubris,17/06/2010,7:45,589213,4967957,Huron Trail Stn E,1,Unknown,Andrew Promaine,,Hardwood Forest
Scarlet Tanager,Piranga olivacea,17/06/2010,7:45,589213,4967957,Huron Trail Stn E,2,Unknown,Andrew Promaine,,Hardwood Forest
Veery,Catharus fuscescens,17/06/2010,7:45,589213,4967957,Huron Trail Stn E,1,Unknown,Andrew Promaine,,Hardwood Forest
Wood Thrush,Hylocichla mustelina,17/06/2010,7:07,589340,4967225,Huron Trail Stn B,1,Unknown,Andrew Promaine,,Hardwood Forest
Wood Thrush,Hylocichla mustelina,17/06/2010,7:19,589260,4967462,Huron Trail Stn C,1,Unknown,Andrew Promaine,,Hardwood Forest
Woodpecker spp.,Picidae,17/06/2010,6:51,589433,4966993,Huron Trail Stn A,1,Unknown,Andrew Promaine,,Hardwood Forest
Woodpecker spp.,Picidae,17/06/2010,7:07,589340,4967225,Huron Trail Stn B,1,Unknown,Andrew Promaine,,Hardwood Forest
Yellow Rumped Warbler,Dendroica coronata,17/06/2010,7:32,589211,4967707,Huron Trail Stn D,1,Unknown,Andrew Promaine,,Hardwood Forest
Yellow -rumped Warbler,Dendroica coronata,17/06/2010,7:07,589340,4967225,Huron Trail Stn B,1,Unknown,Andrew Promaine,,Hardwood Forest
American Robin,Turdus migratorius,10/07/2010,6:52,589433,4966993,Huron Trail Stn A,3,Unknown,Andrew Promaine,,Hardwood Forest
American Robin,Turdus migratorius,10/07/2010,7:06,589340,4967225,Huron Trail Stn B,1,Unknown,Andrew Promaine,,Hardwood Forest
American Robin,Turdus migratorius,10/07/2010,7:22,589260,4967462,Huron Trail Stn C,2,Unknown,Andrew Promaine,,Hardwood Forest
American Robin,Turdus migratorius,10/07/2010,7:36,589211,4967707,Huron Trail Stn D,1,Unknown,Andrew Promaine,,Hardwood Forest
American Robin,Turdus migratorius,10/07/2010,7:50,589213,4967957,Huron Trail Stn E,1,Unknown,Andrew Promaine,,Hardwood Forest
Black-throated Blue Warbler,Dendroica caerulescens,10/07/2010,7:36,589211,4967707,Huron Trail Stn D,1,Unknown,Andrew Promaine,,Hardwood Forest
Black-throated Green Warbler,Dendroica virens,10/07/2010,6:52,589433,4966993,Huron Trail Stn A,1,Unknown,Andrew Promaine,,Hardwood Forest
Black-throated Green Warbler,Dendroica virens,10/07/2010,7:22,589260,4967462,Huron Trail Stn C,2,Unknown,Andrew Promaine,,Hardwood Forest
Black-throated Green Warbler,Dendroica virens,10/07/2010,7:36,589211,4967707,Huron Trail Stn D,2,Unknown,Andrew Promaine,,Hardwood Forest
Eastern Wood-Pewee,Contopus virens,10/07/2010,7:22,589260,4967462,Huron Trail Stn C,2,Unknown,Andrew Promaine,,Hardwood Forest
Ovenbird,seriurus aurocapillus,10/07/2010,6:52,589433,4966993,Huron Trail Stn A,1,Unknown,Andrew Promaine,,Hardwood Forest
Ovenbird,seriurus aurocapillus,10/07/2010,7:06,589340,4967225,Huron Trail Stn B,2,Unknown,Andrew Promaine,,Hardwood Forest
Ovenbird,seriurus aurocapillus,10/07/2010,7:22,589260,4967462,Huron Trail Stn C,2,Unknown,Andrew Promaine,,Hardwood Forest
Ovenbird,seriurus aurocapillus,10/07/2010,7:36,589211,4967707,Huron Trail Stn D,2,Unknown,Andrew Promaine,,Hardwood Forest
Ovenbird,seriurus aurocapillus,10/07/2010,7:50,589213,4967957,Huron Trail Stn E,2,Unknown,Andrew Promaine,,Hardwood Forest
Red-eyed Vireo,Vireo olivaceus,10/07/2010,7:06,589340,4967225,Huron Trail Stn B,1,Unknown,Andrew Promaine,,Hardwood Forest
Red-eyed Vireo,Vireo olivaceus,10/07/2010,7:22,589260,4967462,Huron Trail Stn C,1,Unknown,Andrew Promaine,,Hardwood Forest
Red-eyed Vireo,Vireo olivaceus,10/07/2010,7:36,589211,4967707,Huron Trail Stn D,2,Unknown,Andrew Promaine,,Hardwood Forest
Red-eyed Vireo,Vireo olivaceus,10/07/2010,7:50,589213,4967957,Huron Trail Stn E,2,Unknown,Andrew Promaine,,Hardwood Forest
Wood Thrush,Hylocichla mustelina,10/07/2010,7:06,589340,4967225,Huron Trail Stn B,1,Unknown,Andrew Promaine,,Hardwood Forest
Wood Thrush,Hylocichla mustelina,10/07/2010,7:36,589211,4967707,Huron Trail Stn D,1,Unknown,Andrew Promaine,,Hardwood Forest
Woodpecker spp.,Picidae,10/07/2010,6:52,589433,4966993,Huron Trail Stn A,1,Unknown,Andrew Promaine,,Hardwood Forest
Woodpecker spp.,Picidae,10/07/2010,7:22,589260,4967462,Huron Trail Stn C,1,Unknown,Andrew Promaine,,Hardwood Forest
Yellow Rumped Warbler,Dendroica coronata,10/07/2010,7:36,589211,4967707,Huron Trail Stn D,1,Unknown,Andrew Promaine,,Hardwood Forest
American Crow,Corvus brachyrhynchos,14/06/2011,7:41,589340,4967225,Huron Trail Stn B,1,Unknown,Andrew Promaine,,Hardwood Forest
American Redstart,Setophaga ruticilla,14/06/2011,7:41,589340,4967225,Huron Trail Stn B,1,Unknown,Andrew Promaine,,Hardwood Forest
American Redstart,Setophaga ruticilla,14/06/2011,8:05,589211,4967707,Huron Trail Stn D,1,Unknown,Andrew Promaine,,Hardwood Forest
American Redstart,Setophaga ruticilla,14/06/2011,8:10,589213,4967957,Huron Trail Stn E,1,Unknown,Andrew Promaine,,Hardwood Forest
American Robin,Turdus migratorius,14/06/2011,7:53,589260,4967462,Huron Trail Stn C,1,Unknown,Andrew Promaine,,Hardwood Forest
Black-throated Blue Warbler,Dendroica caerulescens,14/06/2011,7:53,589260,4967462,Huron Trail Stn C,1,Unknown,Andrew Promaine,,Hardwood Forest
Black-throated Green Warbler,Dendroica virens,14/06/2011,8:05,589211,4967707,Huron Trail Stn D,1,Unknown,Andrew Promaine,,Hardwood Forest
Black-throated Green Warbler,Dendroica virens,14/06/2011,8:10,589213,4967957,Huron Trail Stn E,1,Unknown,Andrew Promaine,,Hardwood Forest
Eastern Wood-Pewee,Contopus virens,14/06/2011,7:25,589433,4966993,Huron Trail Stn A,1,Unknown,Andrew Promaine,,Hardwood Forest
Eastern Wood-Pewee,Contopus virens,14/06/2011,7:41,589340,4967225,Huron Trail Stn B,1,Unknown,Andrew Promaine,,Hardwood Forest
Eastern Wood-Pewee,Contopus virens,14/06/2011,7:53,589260,4967462,Huron Trail Stn C,1,Unknown,Andrew Promaine,,Hardwood Forest
Eastern Wood-Pewee,Contopus virens,14/06/2011,8:05,589211,4967707,Huron Trail Stn D,1,Unknown,Andrew Promaine,,Hardwood Forest
Ovenbird,seriurus aurocapillus,14/06/2011,7:25,589433,4966993,Huron Trail Stn A,3,Unknown,Andrew Promaine,,Hardwood Forest
Ovenbird,seriurus aurocapillus,14/06/2011,7:41,589340,4967225,Huron Trail Stn B,2,Unknown,Andrew Promaine,,Hardwood Forest
Ovenbird,seriurus aurocapillus,14/06/2011,7:53,589260,4967462,Huron Trail Stn C,2,Unknown,Andrew Promaine,,Hardwood Forest
Philadelphia Vireo,Vireo philadelphicus,14/06/2011,7:53,589260,4967462,Huron Trail Stn C,1,Unknown,Andrew Promaine,,Hardwood Forest
Pileated Woodpecker,Dryocopus pileatus,14/06/2011,7:41,589340,4967225,Huron Trail Stn B,2,Unknown,Andrew Promaine,,Hardwood Forest
Pileated Woodpecker,Dryocopus pileatus,14/06/2011,8:10,589213,4967957,Huron Trail Stn E,1,Unknown,Andrew Promaine,,Hardwood Forest
Red-eyed Vireo,Vireo olivaceus,14/06/2011,7:25,589433,4966993,Huron Trail Stn A,3,Unknown,Andrew Promaine,,Hardwood Forest
Red-eyed Vireo,Vireo olivaceus,14/06/2011,7:41,589340,4967225,Huron Trail Stn B,1,Unknown,Andrew Promaine,,Hardwood Forest
Red-eyed Vireo,Vireo olivaceus,14/06/2011,7:53,589260,4967462,Huron Trail Stn C,1,Unknown,Andrew Promaine,,Hardwood Forest
Red-eyed Vireo,Vireo olivaceus,14/06/2011,8:05,589211,4967707,Huron Trail Stn D,2,Unknown,Andrew Promaine,,Hardwood Forest
Red-eyed Vireo,Vireo olivaceus,14/06/2011,8:10,589213,4967957,Huron Trail Stn E,2,Unknown,Andrew Promaine,,Hardwood Forest
Ring-billed Gull,Larus delawarensis,14/06/2011,7:25,589433,4966993,Huron Trail Stn A,1,Unknown,Andrew Promaine,,Hardwood Forest
Ring-billed Gull,Larus delawarensis,14/06/2011,8:05,589211,4967707,Huron Trail Stn D,1,Unknown,Andrew Promaine,,Hardwood Forest
Wood Thrush,Hylocichla mustelina,14/06/2011,8:10,589213,4967957,Huron Trail Stn E,1,Unknown,Andrew Promaine,,Hardwood Forest
Woodpecker spp.,Picidae,14/06/2011,7:25,589433,4966993,Huron Trail Stn A,2,Unknown,Andrew Promaine,,Hardwood Forest
Woodpecker spp.,Picidae,14/06/2011,7:53,589260,4967462,Huron Trail Stn C,1,Unknown,Andrew Promaine,,Hardwood Forest
American Crow,Corvus brachyrhynchos,07/07/2011,7:18,589433,4966993,Huron Trail Stn A,1,Unknown,Andrew Promaine,,Hardwood Forest
American Crow,Corvus brachyrhynchos,07/07/2011,7:30,589340,4967225,Huron Trail Stn B,1,Unknown,Andrew Promaine,,Hardwood Forest
American Redstart,Setophaga ruticilla,07/07/2011,7:18,589433,4966993,Huron Trail Stn A,1,Unknown,Andrew Promaine,,Hardwood Forest
American Redstart,Setophaga ruticilla,07/07/2011,7:41,589260,4967462,Huron Trail Stn C,1,Unknown,Andrew Promaine,,Hardwood Forest
American Redstart,Setophaga ruticilla,07/07/2011,7:52,589211,4967707,Huron Trail Stn D,1,Unknown,Andrew Promaine,,Hardwood Forest
American Redstart,Setophaga ruticilla,07/07/2011,8:03,589213,4967957,Huron Trail Stn E,1,Unknown,Andrew Promaine,,Hardwood Forest
Black-throated Blue Warbler,Dendroica caerulescens,07/07/2011,8:03,589213,4967957,Huron Trail Stn E,1,Unknown,Andrew Promaine,,Hardwood Forest
Black-throated Green Warbler,Dendroica virens,07/07/2011,7:18,589433,4966993,Huron Trail Stn A,1,Unknown,Andrew Promaine,,Hardwood Forest
Eastern Wood-Pewee,Contopus virens,07/07/2011,7:41,589260,4967462,Huron Trail Stn C,1,Unknown,Andrew Promaine,,Hardwood Forest
Ovenbird,seriurus aurocapillus,07/07/2011,7:18,589433,4966993,Huron Trail Stn A,2,Unknown,Andrew Promaine,,Hardwood Forest
Ovenbird,seriurus aurocapillus,07/07/2011,7:30,589340,4967225,Huron Trail Stn B,1,Unknown,Andrew Promaine,,Hardwood Forest
Ovenbird,seriurus aurocapillus,07/07/2011,7:41,589260,4967462,Huron Trail Stn C,1,Unknown,Andrew Promaine,,Hardwood Forest
Red-eyed Vireo,Vireo olivaceus,07/07/2011,7:18,589433,4966993,Huron Trail Stn A,2,Unknown,Andrew Promaine,,Hardwood Forest
Red-eyed Vireo,Vireo olivaceus,07/07/2011,7:30,589340,4967225,Huron Trail Stn B,1,Unknown,Andrew Promaine,,Hardwood Forest
Red-eyed Vireo,Vireo olivaceus,07/07/2011,7:41,589260,4967462,Huron Trail Stn C,3,Unknown,Andrew Promaine,,Hardwood Forest
Red-eyed Vireo,Vireo olivaceus,07/07/2011,7:52,589211,4967707,Huron Trail Stn D,3,Unknown,Andrew Promaine,,Hardwood Forest
Red-eyed Vireo,Vireo olivaceus,07/07/2011,8:03,589213,4967957,Huron Trail Stn E,4,Unknown,Andrew Promaine,,Hardwood Forest
Wood Thrush,Hylocichla mustelina,07/07/2011,7:52,589211,4967707,Huron Trail Stn D,1,Unknown,Andrew Promaine,,Hardwood Forest
Woodpecker spp.,Picidae,07/07/2011,7:30,589340,4967225,Huron Trail Stn B,1,Unknown,Andrew Promaine,,Hardwood Forest
American Robin,Turdus migratorius,13/06/2013,8:12,589340,4967225,Huron Trail Stn B,1,Unknown,Andrew Promaine,,Hardwood Forest
American Robin,Turdus migratorius,13/06/2013,8:24,589260,4967462,Huron Trail Stn C,1,Unknown,Andrew Promaine,,Hardwood Forest
American Robin,Turdus migratorius,13/06/2013,8:36,589211,4967707,Huron Trail Stn D,1,Unknown,Andrew Promaine,,Hardwood Forest
American Robin,Turdus migratorius,13/06/2013,8:50,589213,4967957,Huron Trail Stn E,1,Unknown,Andrew Promaine,,Hardwood Forest
American Woodcock,Scolopax minor,13/06/2013,8:36,589211,4967707,Huron Trail Stn D,1,Unknown,Andrew Promaine,,Hardwood Forest
Black-billed Cuckoo,Coccyzus erythropthalmus,13/06/2013,8:50,589213,4967957,Huron Trail Stn E,1,Unknown,Andrew Promaine,,Hardwood Forest
Black-capped Chickadee,Poecile atricapillus,13/06/2013,8:36,589211,4967707,Huron Trail Stn D,1,Unknown,Andrew Promaine,,Hardwood Forest
Black-throated Blue Warbler,Dendroica caerulescens,13/06/2013,8:12,589340,4967225,Huron Trail Stn B,1,Unknown,Andrew Promaine,,Hardwood Forest
Black-throated Green Warbler,Dendroica virens,13/06/2013,8:12,589340,4967225,Huron Trail Stn B,1,Unknown,Andrew Promaine,,Hardwood Forest
Eastern Wood-Pewee,Contopus virens,13/06/2013,8:00,589433,4966993,Huron Trail Stn A,1,Unknown,Andrew Promaine,,Hardwood Forest
Eastern Wood-Pewee,Contopus virens,13/06/2013,8:12,589340,4967225,Huron Trail Stn B,1,Unknown,Andrew Promaine,,Hardwood Forest
Eastern Wood-Pewee,Contopus virens,13/06/2013,8:36,589211,4967707,Huron Trail Stn D,1,Unknown,Andrew Promaine,,Hardwood Forest
Ovenbird,seriurus aurocapillus,13/06/2013,8:00,589433,4966993,Huron Trail Stn A,2,Unknown,Andrew Promaine,,Hardwood Forest
Ovenbird,seriurus aurocapillus,13/06/2013,8:24,589260,4967462,Huron Trail Stn C,1,Unknown,Andrew Promaine,,Hardwood Forest
Ovenbird,seriurus aurocapillus,13/06/2013,8:36,589211,4967707,Huron Trail Stn D,1,Unknown,Andrew Promaine,,Hardwood Forest
Ovenbird,seriurus aurocapillus,13/06/2013,8:50,589213,4967957,Huron Trail Stn E,1,Unknown,Andrew Promaine,,Hardwood Forest
Philadelphia Vireo,Vireo philadelphicus,13/06/2013,8:36,589211,4967707,Huron Trail Stn D,1,Unknown,Andrew Promaine,,Hardwood Forest
Red-eyed Vireo,Vireo olivaceus,13/06/2013,8:00,589433,4966993,Huron Trail Stn A,1,Unknown,Andrew Promaine,,Hardwood Forest
Red-eyed Vireo,Vireo olivaceus,13/06/2013,8:12,589340,4967225,Huron Trail Stn B,1,Unknown,Andrew Promaine,,Hardwood Forest
Red-eyed Vireo,Vireo olivaceus,13/06/2013,8:24,589260,4967462,Huron Trail Stn C,1,Unknown,Andrew Promaine,,Hardwood Forest
Red-eyed Vireo,Vireo olivaceus,13/06/2013,8:36,589211,4967707,Huron Trail Stn D,1,Unknown,Andrew Promaine,,Hardwood Forest
Red-eyed Vireo,Vireo olivaceus,13/06/2013,8:50,589213,4967957,Huron Trail Stn E,1,Unknown,Andrew Promaine,,Hardwood Forest
Ruby-crowned Kinglet,Regulus calendula,13/06/2013,8:50,589213,4967957,Huron Trail Stn E,1,Unknown,Andrew Promaine,,Hardwood Forest
Unidentified Woodpecker,,13/06/2013,8:12,589340,4967225,Huron Trail Stn B,1,Unknown,Andrew Promaine,,Hardwood Forest
Veery,Catharus fuscescens,13/06/2013,8:12,589340,4967225,Huron Trail Stn B,1,Unknown,Andrew Promaine,,Hardwood Forest
Winter Wren,Troglodytes hiemalis,13/06/2013,8:00,589433,4966993,Huron Trail Stn A,1,Unknown,Andrew Promaine,,Hardwood Forest
Winter Wren,Troglodytes hiemalis,13/06/2013,8:24,589260,4967462,Huron Trail Stn C,1,Unknown,Andrew Promaine,,Hardwood Forest
Winter Wren,Troglodytes hiemalis,13/06/2013,8:50,589213,4967957,Huron Trail Stn E,1,Unknown,Andrew Promaine,,Hardwood Forest
Wood Thrush,Hylocichla mustelina,13/06/2013,8:12,589340,4967225,Huron Trail Stn B,1,Unknown,Andrew Promaine,,Hardwood Forest
Wood Thrush,Hylocichla mustelina,13/06/2013,8:36,589211,4967707,Huron Trail Stn D,1,Unknown,Andrew Promaine,,Hardwood Forest
American Robin,Turdus migratorius,11/07/2013,8:03,589260,4967462,Huron Trail Stn C,1,Unknown,Andrew Promaine,,Hardwood Forest
American Robin,Turdus migratorius,11/07/2013,8:15,589211,4967707,Huron Trail Stn D,1,Unknown,Andrew Promaine,,Hardwood Forest
Black-throated Blue Warbler,Dendroica caerulescens,11/07/2013,8:03,589260,4967462,Huron Trail Stn C,1,Unknown,Andrew Promaine,,Hardwood Forest
Black-throated Green Warbler,Dendroica virens,11/07/2013,8:15,589211,4967707,Huron Trail Stn D,1,Unknown,Andrew Promaine,,Hardwood Forest
Downy Woodpecker,Picoides pubescens,11/07/2013,8:15,589211,4967707,Huron Trail Stn D,2,Unknown,Andrew Promaine,,Hardwood Forest
Downy Woodpecker,Picoides pubescens,11/07/2013,8:27,589213,4967957,Huron Trail Stn E,1,Unknown,Andrew Promaine,,Hardwood Forest
Eastern Wood-Pewee,Contopus virens,11/07/2013,7:40,589433,4966993,Huron Trail Stn A,2,Unknown,Andrew Promaine,,Hardwood Forest
Hairy Woodpecker,Picoides villosus,11/07/2013,8:15,589211,4967707,Huron Trail Stn D,1,Unknown,Andrew Promaine,,Hardwood Forest
Hernit Thrush,Catharus guttatus,11/07/2013,7:40,589433,4966993,Huron Trail Stn A,1,Unknown,Andrew Promaine,,Hardwood Forest
Hernit Thrush,Catharus guttatus,11/07/2013,8:03,589260,4967462,Huron Trail Stn C,1,Unknown,Andrew Promaine,,Hardwood Forest
Hernit Thrush,Catharus guttatus,11/07/2013,8:15,589211,4967707,Huron Trail Stn D,1,Unknown,Andrew Promaine,,Hardwood Forest
Ovenbird,seriurus aurocapillus,11/07/2013,7:40,589433,4966993,Huron Trail Stn A,1,Unknown,Andrew Promaine,,Hardwood Forest
Ovenbird,seriurus aurocapillus,11/07/2013,7:52,589340,4967225,Huron Trail Stn B,2,Unknown,Andrew Promaine,,Hardwood Forest
Ovenbird,seriurus aurocapillus,11/07/2013,8:03,589260,4967462,Huron Trail Stn C,1,Unknown,Andrew Promaine,,Hardwood Forest
Ovenbird,seriurus aurocapillus,11/07/2013,8:27,589213,4967957,Huron Trail Stn E,1,Unknown,Andrew Promaine,,Hardwood Forest
Pileated Woodpecker,Dryocopus pileatus,11/07/2013,7:52,589340,4967225,Huron Trail Stn B,1,Unknown,Andrew Promaine,,Hardwood Forest
Pileated Woodpecker,Dryocopus pileatus,11/07/2013,8:15,589211,4967707,Huron Trail Stn D,1,Unknown,Andrew Promaine,,Hardwood Forest
Red-eyed Vireo,Vireo olivaceus,11/07/2013,7:52,589340,4967225,Huron Trail Stn B,2,Unknown,Andrew Promaine,,Hardwood Forest
Red-eyed Vireo,Vireo olivaceus,11/07/2013,8:03,589260,4967462,Huron Trail Stn C,1,Unknown,Andrew Promaine,,Hardwood Forest
Red-eyed Vireo,Vireo olivaceus,11/07/2013,8:15,589211,4967707,Huron Trail Stn D,2,Unknown,Andrew Promaine,,Hardwood Forest
Red-eyed Vireo,Vireo olivaceus,11/07/2013,8:27,589213,4967957,Huron Trail Stn E,1,Unknown,Andrew Promaine,,Hardwood Forest
Ruby-throated Hummingbird,Archilochus colubris,11/07/2013,8:27,589213,4967957,Huron Trail Stn E,1,Unknown,Andrew Promaine,,Hardwood Forest
American Redstart,Setophaga ruticilla,17/06/2014,8:08,589211,4967707,Huron Trail Stn D,1,Unknown,Andrew Promaine,,Hardwood Forest
Barred Owl,Strix varia,17/06/2014,8:08,589211,4967707,Huron Trail Stn D,1,Unknown,Andrew Promaine,,Hardwood Forest
Black-capped Chickadee,Poecile atricapillus,17/06/2014,8:20,589213,4967957,Huron Trail Stn E,1,Unknown,Andrew Promaine,,Hardwood Forest
Black-throated Green Warbler,Dendroica virens,17/06/2014,7:33,589433,4966993,Huron Trail Stn A,1,Unknown,Andrew Promaine,,Hardwood Forest
Black-throated Green Warbler,Dendroica virens,17/06/2014,7:56,589260,4967462,Huron Trail Stn C,1,Unknown,Andrew Promaine,,Hardwood Forest
Blue Jay,Cyanocitta cristata,17/06/2014,7:45,589340,4967225,Huron Trail Stn B,1,Unknown,Andrew Promaine,,Hardwood Forest
Blue Jay,Cyanocitta cristata,17/06/2014,7:56,589260,4967462,Huron Trail Stn C,1,Unknown,Andrew Promaine,,Hardwood Forest
Cestnut-sided Warbler,Dendroica pensylvanica,17/06/2014,7:33,589433,4966993,Huron Trail Stn A,1,Unknown,Andrew Promaine,,Hardwood Forest
Eastern Wood-Pewee,Contopus virens,17/06/2014,7:45,589340,4967225,Huron Trail Stn B,1,Unknown,Andrew Promaine,,Hardwood Forest
Eastern Wood-Pewee,Contopus virens,17/06/2014,7:56,589260,4967462,Huron Trail Stn C,1,Unknown,Andrew Promaine,,Hardwood Forest
Eastern Wood-Pewee,Contopus virens,17/06/2014,8:08,589211,4967707,Huron Trail Stn D,1,Unknown,Andrew Promaine,,Hardwood Forest
Gray Catbird,Dumetella carolinensis,17/06/2014,8:20,589213,4967957,Huron Trail Stn E,1,Unknown,Andrew Promaine,,Hardwood Forest
Hernit Thrush,Catharus guttatus,17/06/2014,8:20,589213,4967957,Huron Trail Stn E,1,Unknown,Andrew Promaine,,Hardwood Forest
Ovenbird,seriurus aurocapillus,17/06/2014,7:33,589433,4966993,Huron Trail Stn A,2,Unknown,Andrew Promaine,,Hardwood Forest
Ovenbird,seriurus aurocapillus,17/06/2014,7:45,589340,4967225,Huron Trail Stn B,2,Unknown,Andrew Promaine,,Hardwood Forest
Ovenbird,seriurus aurocapillus,17/06/2014,7:56,589260,4967462,Huron Trail Stn C,2,Unknown,Andrew Promaine,,Hardwood Forest
Ovenbird,seriurus aurocapillus,17/06/2014,8:08,589211,4967707,Huron Trail Stn D,2,Unknown,Andrew Promaine,,Hardwood Forest
Ovenbird,seriurus aurocapillus,17/06/2014,8:20,589213,4967957,Huron Trail Stn E,2,Unknown,Andrew Promaine,,Hardwood Forest
Pine Warbler,Setophaga pinus,17/06/2014,7:33,589433,4966993,Huron Trail Stn A,1,Unknown,Andrew Promaine,,Hardwood Forest
Red-breasted Merganser,Mergus serrator,17/06/2014,8:20,589213,4967957,Huron Trail Stn E,1,Unknown,Andrew Promaine,,Hardwood Forest
Red-eyed Vireo,Vireo olivaceus,17/06/2014,7:45,589340,4967225,Huron Trail Stn B,1,Unknown,Andrew Promaine,,Hardwood Forest
Red-eyed Vireo,Vireo olivaceus,17/06/2014,7:56,589260,4967462,Huron Trail Stn C,1,Unknown,Andrew Promaine,,Hardwood Forest
Red-eyed Vireo,Vireo olivaceus,17/06/2014,8:08,589211,4967707,Huron Trail Stn D,3,Unknown,Andrew Promaine,,Hardwood Forest
Red-eyed Vireo,Vireo olivaceus,17/06/2014,8:20,589213,4967957,Huron Trail Stn E,2,Unknown,Andrew Promaine,,Hardwood Forest
Unidentified Gull,,17/06/2014,7:33,589433,4966993,Huron Trail Stn A,1,Unknown,Andrew Promaine,,Hardwood Forest
Veery,Catharus fuscescens,17/06/2014,7:33,589433,4966993,Huron Trail Stn A,2,Unknown,Andrew Promaine,,Hardwood Forest
Veery,Catharus fuscescens,17/06/2014,7:56,589260,4967462,Huron Trail Stn C,1,Unknown,Andrew Promaine,,Hardwood Forest
American Crow,Corvus brachyrhynchos,14/07/2014,7:15,589433,4966993,Huron Trail Stn A,1,Unknown,Andrew Promaine,,Hardwood Forest
American Crow,Corvus brachyrhynchos,14/07/2014,7:38,589260,4967462,Huron Trail Stn C,1,Unknown,Andrew Promaine,,Hardwood Forest
Black-throated Green Warbler,Dendroica virens,14/07/2014,7:15,589433,4966993,Huron Trail Stn A,1,Unknown,Andrew Promaine,,Hardwood Forest
Black-throated Green Warbler,Dendroica virens,14/07/2014,7:27,589340,4967225,Huron Trail Stn B,1,Unknown,Andrew Promaine,,Hardwood Forest
Black-throated Green Warbler,Dendroica virens,14/07/2014,7:38,589260,4967462,Huron Trail Stn C,1,Unknown,Andrew Promaine,,Hardwood Forest
Black-throated Green Warbler,Dendroica virens,14/07/2014,7:50,589211,4967707,Huron Trail Stn D,1,Unknown,Andrew Promaine,,Hardwood Forest
Cestnut-sided Warbler,Dendroica pensylvanica,14/07/2014,7:50,589211,4967707,Huron Trail Stn D,1,Unknown,Andrew Promaine,,Hardwood Forest
Cestnut-sided Warbler,Dendroica pensylvanica,14/07/2014,8:01,589213,4967957,Huron Trail Stn E,1,Unknown,Andrew Promaine,,Hardwood Forest
Eastern Wood-Pewee,Contopus virens,14/07/2014,7:27,589340,4967225,Huron Trail Stn B,1,Unknown,Andrew Promaine,,Hardwood Forest
Eastern Wood-Pewee,Contopus virens,14/07/2014,7:50,589211,4967707,Huron Trail Stn D,1,Unknown,Andrew Promaine,,Hardwood Forest
Hairy Woodpecker,Picoides villosus,14/07/2014,8:01,589213,4967957,Huron Trail Stn E,1,Unknown,Andrew Promaine,,Hardwood Forest
Ovenbird,seriurus aurocapillus,14/07/2014,7:15,589433,4966993,Huron Trail Stn A,1,Unknown,Andrew Promaine,,Hardwood Forest
Ovenbird,seriurus aurocapillus,14/07/2014,7:38,589260,4967462,Huron Trail Stn C,1,Unknown,Andrew Promaine,,Hardwood Forest
Ovenbird,seriurus aurocapillus,14/07/2014,7:50,589211,4967707,Huron Trail Stn D,2,Unknown,Andrew Promaine,,Hardwood Forest
Ovenbird,seriurus aurocapillus,14/07/2014,8:01,589213,4967957,Huron Trail Stn E,1,Unknown,Andrew Promaine,,Hardwood Forest
Pileated Woodpecker,Dryocopus pileatus,14/07/2014,8:01,589213,4967957,Huron Trail Stn E,1,Unknown,Andrew Promaine,,Hardwood Forest
Red-eyed Vireo,Vireo olivaceus,14/07/2014,7:15,589433,4966993,Huron Trail Stn A,2,Unknown,Andrew Promaine,,Hardwood Forest
Red-eyed Vireo,Vireo olivaceus,14/07/2014,7:27,589340,4967225,Huron Trail Stn B,2,Unknown,Andrew Promaine,,Hardwood Forest
Red-eyed Vireo,Vireo olivaceus,14/07/2014,7:38,589260,4967462,Huron Trail Stn C,2,Unknown,Andrew Promaine,,Hardwood Forest
Red-eyed Vireo,Vireo olivaceus,14/07/2014,7:50,589211,4967707,Huron Trail Stn D,3,Unknown,Andrew Promaine,,Hardwood Forest
Red-eyed Vireo,Vireo olivaceus,14/07/2014,8:01,589213,4967957,Huron Trail Stn E,1,Unknown,Andrew Promaine,,Hardwood Forest
Warbling Vireo,vireo gilvus,14/07/2014,8:01,589213,4967957,Huron Trail Stn E,1,Unknown,Andrew Promaine,,Hardwood Forest
Wood Thrush,Hylocichla mustelina,14/07/2014,7:15,589433,4966993,Huron Trail Stn A,1,Unknown,Andrew Promaine,,Hardwood Forest
Wood Thrush,Hylocichla mustelina,14/07/2014,7:27,589340,4967225,Huron Trail Stn B,1,Unknown,Andrew Promaine,,Hardwood Forest
Wood Thrush,Hylocichla mustelina,14/07/2014,7:38,589260,4967462,Huron Trail Stn C,1,Unknown,Andrew Promaine,,Hardwood Forest
American Redstart,Turdus migratorius,17/06/2015,8:16,589213,4967957,Huron Trail Stn E,1,Unknown,Andrew Promaine,,Hardwood Forest
American Robin,Turdus migratorius,17/06/2015,8:06,589211,4967707,Huron Trail Stn D,1,Unknown,Andrew Promaine,,Hardwood Forest
Black-throated Blue Warbler,Dendroica caerulescens,17/06/2015,7:30,589433,4966993,Huron Trail Stn A,1,Unknown,Andrew Promaine,,Hardwood Forest
Black-throated Green Warbler,Dendroica virens,17/06/2015,8:06,589211,4967707,Huron Trail Stn D,1,Unknown,Andrew Promaine,,Hardwood Forest
Black-throated Green Warbler,Dendroica virens,17/06/2015,8:16,589213,4967957,Huron Trail Stn E,1,Unknown,Andrew Promaine,,Hardwood Forest
Blue Jay,Cyanocitta cristata,17/06/2015,7:43,589340,4967225,Huron Trail Stn B,1,Unknown,Andrew Promaine,,Hardwood Forest
Blue Jay,Cyanocitta cristata,17/06/2015,8:06,589211,4967707,Huron Trail Stn D,1,Unknown,Andrew Promaine,,Hardwood Forest
Eastern Wood-Pewee,Contopus virens,17/06/2015,7:43,589340,4967225,Huron Trail Stn B,1,Unknown,Andrew Promaine,,Hardwood Forest
Hairy Woodpecker,Picoides villosus,17/06/2015,7:43,589340,4967225,Huron Trail Stn B,1,Unknown,Andrew Promaine,,Hardwood Forest
Hairy Woodpecker,Picoides villosus,17/06/2015,8:16,589213,4967957,Huron Trail Stn E,1,Unknown,Andrew Promaine,,Hardwood Forest
Ovenbird,seriurus aurocapillus,17/06/2015,7:30,589433,4966993,Huron Trail Stn A,1,Unknown,Andrew Promaine,,Hardwood Forest
Ovenbird,seriurus aurocapillus,17/06/2015,7:43,589340,4967225,Huron Trail Stn B,3,Unknown,Andrew Promaine,,Hardwood Forest
Ovenbird,seriurus aurocapillus,17/06/2015,7:55,589260,4967462,Huron Trail Stn C,3,Unknown,Andrew Promaine,,Hardwood Forest
Ovenbird,seriurus aurocapillus,17/06/2015,8:06,589211,4967707,Huron Trail Stn D,3,Unknown,Andrew Promaine,,Hardwood Forest
Ovenbird,seriurus aurocapillus,17/06/2015,8:16,589213,4967957,Huron Trail Stn E,1,Unknown,Andrew Promaine,,Hardwood Forest
Pileated Woodpecker,Dryocopus pileatus,17/06/2015,7:30,589433,4966993,Huron Trail Stn A,1,Unknown,Andrew Promaine,,Hardwood Forest
Red-eyed Vireo,Vireo olivaceus,17/06/2015,7:30,589433,4966993,Huron Trail Stn A,1,Unknown,Andrew Promaine,,Hardwood Forest
Red-eyed Vireo,Vireo olivaceus,17/06/2015,7:43,589340,4967225,Huron Trail Stn B,1,Unknown,Andrew Promaine,,Hardwood Forest
Red-eyed Vireo,Vireo olivaceus,17/06/2015,7:55,589260,4967462,Huron Trail Stn C,3,Unknown,Andrew Promaine,,Hardwood Forest
Red-eyed Vireo,Vireo olivaceus,17/06/2015,8:06,589211,4967707,Huron Trail Stn D,1,Unknown,Andrew Promaine,,Hardwood Forest
Red-eyed Vireo,Vireo olivaceus,17/06/2015,8:16,589213,4967957,Huron Trail Stn E,3,Unknown,Andrew Promaine,,Hardwood Forest
Unidentified Woodpecker,,17/06/2015,8:06,589211,4967707,Huron Trail Stn D,1,Unknown,Andrew Promaine,,Hardwood Forest
Veery,Catharus fuscescens,17/06/2015,7:30,589433,4966993,Huron Trail Stn A,1,Unknown,Andrew Promaine,,Hardwood Forest
Veery,Catharus fuscescens,17/06/2015,7:43,589340,4967225,Huron Trail Stn B,1,Unknown,Andrew Promaine,,Hardwood Forest
Wood Thrush,Hylocichla mustelina,17/06/2015,7:55,589260,4967462,Huron Trail Stn C,1,Unknown,Andrew Promaine,,Hardwood Forest
American Redstart,Turdus migratorius,10/07/2015,8:25,589213,4967957,Huron Trail Stn E,1,Unknown,Andrew Promaine,,Hardwood Forest
Black-throated Green Warbler,Dendroica virens,10/07/2015,8:14,589211,4967707,Huron Trail Stn D,1,Unknown,Andrew Promaine,,Hardwood Forest
Blue Jay,Cyanocitta cristata,10/07/2015,7:40,589433,4966993,Huron Trail Stn A,1,Unknown,Andrew Promaine,,Hardwood Forest
Eastern Wood-Pewee,Contopus virens,10/07/2015,7:40,589433,4966993,Huron Trail Stn A,1,Unknown,Andrew Promaine,,Hardwood Forest
Eastern Wood-Pewee,Contopus virens,10/07/2015,7:52,589340,4967225,Huron Trail Stn B,2,Unknown,Andrew Promaine,,Hardwood Forest
Eastern Wood-Pewee,Contopus virens,10/07/2015,8:03,589260,4967462,Huron Trail Stn C,1,Unknown,Andrew Promaine,,Hardwood Forest
Eastern Wood-Pewee,Contopus virens,10/07/2015,8:14,589211,4967707,Huron Trail Stn D,1,Unknown,Andrew Promaine,,Hardwood Forest
Eastern Wood-Pewee,Contopus virens,10/07/2015,8:25,589213,4967957,Huron Trail Stn E,1,Unknown,Andrew Promaine,,Hardwood Forest
Hairy Woodpecker,Picoides villosus,10/07/2015,7:52,589340,4967225,Huron Trail Stn B,1,Unknown,Andrew Promaine,,Hardwood Forest
Hairy Woodpecker,Picoides villosus,10/07/2015,8:14,589211,4967707,Huron Trail Stn D,1,Unknown,Andrew Promaine,,Hardwood Forest
Ovenbird,seriurus aurocapillus,10/07/2015,7:40,589433,4966993,Huron Trail Stn A,1,Unknown,Andrew Promaine,,Hardwood Forest
Ovenbird,seriurus aurocapillus,10/07/2015,7:52,589340,4967225,Huron Trail Stn B,1,Unknown,Andrew Promaine,,Hardwood Forest
Ovenbird,seriurus aurocapillus,10/07/2015,8:03,589260,4967462,Huron Trail Stn C,3,Unknown,Andrew Promaine,,Hardwood Forest
Ovenbird,seriurus aurocapillus,10/07/2015,8:14,589211,4967707,Huron Trail Stn D,1,Unknown,Andrew Promaine,,Hardwood Forest
Ovenbird,seriurus aurocapillus,10/07/2015,8:25,589213,4967957,Huron Trail Stn E,1,Unknown,Andrew Promaine,,Hardwood Forest
Philadelphia Vireo,Vireo philadelphicus,10/07/2015,8:25,589213,4967957,Huron Trail Stn E,1,Unknown,Andrew Promaine,,Hardwood Forest
Red-eyed Vireo,Vireo olivaceus,10/07/2015,7:40,589433,4966993,Huron Trail Stn A,1,Unknown,Andrew Promaine,,Hardwood Forest
Red-eyed Vireo,Vireo olivaceus,10/07/2015,7:52,589340,4967225,Huron Trail Stn B,1,Unknown,Andrew Promaine,,Hardwood Forest
Red-eyed Vireo,Vireo olivaceus,10/07/2015,8:03,589260,4967462,Huron Trail Stn C,2,Unknown,Andrew Promaine,,Hardwood Forest
Red-eyed Vireo,Vireo olivaceus,10/07/2015,8:14,589211,4967707,Huron Trail Stn D,2,Unknown,Andrew Promaine,,Hardwood Forest
Red-eyed Vireo,Vireo olivaceus,10/07/2015,8:25,589213,4967957,Huron Trail Stn E,1,Unknown,Andrew Promaine,,Hardwood Forest
Wood Thrush,Hylocichla mustelina,10/07/2015,7:40,589433,4966993,Huron Trail Stn A,1,Unknown,Andrew Promaine,,Hardwood Forest
Wood Thrush,Hylocichla mustelina,10/07/2015,7:52,589340,4967225,Huron Trail Stn B,1,Unknown,Andrew Promaine,,Hardwood Forest
Wood Thrush,Hylocichla mustelina,10/07/2015,8:25,589213,4967957,Huron Trail Stn E,1,Unknown,Andrew Promaine,,Hardwood Forest
 American Robin,Turdus migratorius,17/06/2016,8:05,589340,4967225,Huron Trail Stn B,2,Unknown,Andrew Promaine,,Hardwood Forest
 American Robin,Turdus migratorius,17/06/2016,8:17,589260,4967462,Huron Trail Stn C,1,Unknown,Andrew Promaine,,Hardwood Forest
 American Robin,Turdus migratorius,17/06/2016,8:29,589211,4967707,Huron Trail Stn D,1,Unknown,Andrew Promaine,,Hardwood Forest
 American Robin,Turdus migratorius,17/06/2016,8:41,589213,4967957,Huron Trail Stn E,1,Unknown,Andrew Promaine,,Hardwood Forest
American Redstart ,Setophaga ruticilla,17/06/2016,8:41,589213,4967957,Huron Trail Stn E,1,Unknown,Andrew Promaine,,Hardwood Forest
American Robin,Turdus migratorius ,17/06/2016,8:29,589211,4967707,Huron Trail Stn D,1,Unknown,Andrew Promaine,,Hardwood Forest
Black-throated Blue Warbler,,17/06/2016,8:41,589213,4967957,Huron Trail Stn E,1,Unknown,Andrew Promaine,,Hardwood Forest
Blue Jay,Cyanocitta cristata,17/06/2016,7:53,589433,4966993,Huron Trail Stn A,1,Unknown,Andrew Promaine,,Hardwood Forest
Blue Jay,Cyanocitta cristata,17/06/2016,8:17,589260,4967462,Huron Trail Stn C,1,Unknown,Andrew Promaine,,Hardwood Forest
Blue Jay,Cyanocitta cristata,17/06/2016,8:41,589213,4967957,Huron Trail Stn E,1,Unknown,Andrew Promaine,,Hardwood Forest
Eastern Wood-Pewee,Contopus virens,17/06/2016,7:53,589433,4966993,Huron Trail Stn A,1,Unknown,Andrew Promaine,,Hardwood Forest
Hairy Woodpecker,Picoides villosus,17/06/2016,7:53,589433,4966993,Huron Trail Stn A,1,Unknown,Andrew Promaine,,Hardwood Forest
Hairy Woodpecker,Picoides villosus,17/06/2016,8:05,589340,4967225,Huron Trail Stn B,2,Unknown,Andrew Promaine,,Hardwood Forest
Hairy Woodpecker,Picoides villosus,17/06/2016,8:17,589260,4967462,Huron Trail Stn C,2,Unknown,Andrew Promaine,,Hardwood Forest
Ovenbird,seriurus aurocapillus,17/06/2016,7:53,589433,4966993,Huron Trail Stn A,2,Unknown,Andrew Promaine,,Hardwood Forest
Ovenbird,Seriurus aurocapillus,17/06/2016,8:05,589340,4967225,Huron Trail Stn B,1,Unknown,Andrew Promaine,,Hardwood Forest
Ovenbird,Seriurus aurocapillus,17/06/2016,8:17,589260,4967462,Huron Trail Stn C,3,Unknown,Andrew Promaine,,Hardwood Forest
Ovenbird,Seriurus aurocapillus,17/06/2016,8:29,589211,4967707,Huron Trail Stn D,1,Unknown,Andrew Promaine,,Hardwood Forest
Pileated Woodpecker,Dryocopus pileatus,17/06/2016,8:41,589213,4967957,Huron Trail Stn E,1,Unknown,Andrew Promaine,,Hardwood Forest
Red-eyed Vireo,Vireo olivaceus,17/06/2016,7:53,589433,4966993,Huron Trail Stn A,2,Unknown,Andrew Promaine,,Hardwood Forest
Red-eyed Vireo,Vireo olivaceus,17/06/2016,8:05,589340,4967225,Huron Trail Stn B,2,Unknown,Andrew Promaine,,Hardwood Forest
Red-eyed Vireo,Vireo olivaceus,17/06/2016,8:17,589260,4967462,Huron Trail Stn C,1,Unknown,Andrew Promaine,,Hardwood Forest
Red-eyed Vireo,Vireo olivaceus,17/06/2016,8:29,589211,4967707,Huron Trail Stn D,2,Unknown,Andrew Promaine,,Hardwood Forest
Red-eyed Vireo,Vireo olivaceus,17/06/2016,8:41,589213,4967957,Huron Trail Stn E,1,Unknown,Andrew Promaine,,Hardwood Forest
Ring-billed Gull,Larus delawarensis,17/06/2016,8:17,589260,4967462,Huron Trail Stn C,2,Unknown,Andrew Promaine,,Hardwood Forest
White-throated Sparrow,Zonotrichia albicollis,17/06/2016,8:29,589211,4967707,Huron Trail Stn D,1,Unknown,Andrew Promaine,,Hardwood Forest
Wood Thrush,Hylocichla mustelina,17/06/2016,8:05,589340,4967225,Huron Trail Stn B,1,Unknown,Andrew Promaine,,Hardwood Forest
Wood Thrush,Hylocichla mustelina,17/06/2016,8:17,589260,4967462,Huron Trail Stn C,1,Unknown,Andrew Promaine,,Hardwood Forest
Wood Thrush,Hylocichla mustelina,17/06/2016,8:29,589211,4967707,Huron Trail Stn D,1,Unknown,Andrew Promaine,,Hardwood Forest
Yellow-bellied Sapsucker,Sphyrapicus varius,17/06/2016,8:05,589340,4967225,Huron Trail Stn B,1,Unknown,Andrew Promaine,,Hardwood Forest
 American Robin,Turdus migratorius,07/07/2016,7:47,589433,4966993,Huron Trail Stn A,1,Unknown,Andrew Promaine,,Hardwood Forest
Black-throated Green Warbler,Setophaga virens ,07/07/2016,8:11,589260,4967462,Huron Trail Stn C,1,Unknown,Andrew Promaine,,Hardwood Forest
Blue Jay,Cyanocitta cristata,07/07/2016,7:59,589340,4967225,Huron Trail Stn B,2,Unknown,Andrew Promaine,,Hardwood Forest
Eastern Wood-Pewee,Contopus virens,07/07/2016,7:47,589433,4966993,Huron Trail Stn A,1,Unknown,Andrew Promaine,,Hardwood Forest
Eastern Wood-Pewee,Contopus virens,07/07/2016,7:59,589340,4967225,Huron Trail Stn B,1,Unknown,Andrew Promaine,,Hardwood Forest
Hairy Woodpecker,Picoides villosus,07/07/2016,8:23,589211,4967707,Huron Trail Stn D,1,Unknown,Andrew Promaine,,Hardwood Forest
Ovenbird,seriurus aurocapillus,07/07/2016,7:47,589433,4966993,Huron Trail Stn A,3,Unknown,Andrew Promaine,,Hardwood Forest
Ovenbird,Seriurus aurocapillus,07/07/2016,7:59,589340,4967225,Huron Trail Stn B,1,Unknown,Andrew Promaine,,Hardwood Forest
Ovenbird,Seriurus aurocapillus,07/07/2016,8:11,589260,4967462,Huron Trail Stn C,2,Unknown,Andrew Promaine,,Hardwood Forest
Ovenbird,Seriurus aurocapillus,07/07/2016,8:23,589211,4967707,Huron Trail Stn D,1,Unknown,Andrew Promaine,,Hardwood Forest
Red-eyed Vireo,Vireo olivaceus,07/07/2016,7:47,589433,4966993,Huron Trail Stn A,2,Unknown,Andrew Promaine,,Hardwood Forest
Red-eyed Vireo,Vireo olivaceus,07/07/2016,7:59,589340,4967225,Huron Trail Stn B,1,Unknown,Andrew Promaine,,Hardwood Forest
Red-eyed Vireo,Vireo olivaceus,07/07/2016,8:11,589260,4967462,Huron Trail Stn C,2,Unknown,Andrew Promaine,,Hardwood Forest
Red-eyed Vireo,Vireo olivaceus,07/07/2016,8:23,589211,4967707,Huron Trail Stn D,1,Unknown,Andrew Promaine,,Hardwood Forest
Red-eyed Vireo,Vireo olivaceus,07/07/2016,8:35,589213,4967957,Huron Trail Stn E,1,Unknown,Andrew Promaine,,Hardwood Forest
Wood Thrush,Hylocichla mustelina,07/07/2016,7:47,589433,4966993,Huron Trail Stn A,1,Unknown,Andrew Promaine,,Hardwood Forest
Wood Thrush,Hylocichla mustelina,07/07/2016,7:59,589340,4967225,Huron Trail Stn B,2,Unknown,Andrew Promaine,,Hardwood Forest
Wood Thrush,Hylocichla mustelina,07/07/2016,8:11,589260,4967462,Huron Trail Stn C,1,Unknown,Andrew Promaine,,Hardwood Forest
Wood Thrush,Hylocichla mustelina,07/07/2016,8:23,589211,4967707,Huron Trail Stn D,2,Unknown,Andrew Promaine,,Hardwood Forest
Wood Thrush,Hylocichla mustelina,07/07/2016,8:35,589213,4967957,Huron Trail Stn E,3,Unknown,Andrew Promaine,,Hardwood Forest
